channel_width,channel_length,optimal_interval,max_value,channel_length_sqrt,optimal_interval_sq,max_bitrate,max_bitrate_sq,max_bitrate_log,max_bitrate_inv
6,30,94.0,0.5707804504628896,5.477225575051661,8836.0,0.009513007507714827,9.049731184183867e-05,-4.655095205552323,105.11922745661909
6,100,108.0,0.4755231253194703,10.0,11664.0,0.007925385421991171,6.281173408711017e-05,-4.837684326711635,126.17682885493792
6,300,125.0,0.38773300995740295,17.320508075688775,15625.0,0.006462216832623382,4.176024639184098e-05,-5.041782857109767,154.74565863399587
6,1000,160.0,0.2748488017985771,31.622776601683793,25600.0,0.004580813363309619,2.0983851069475984e-05,-5.385878706381049,218.30184307651078
