coefficient,spawning,failure
a,1.644621584798611e-05,-1.7044065318235813
b,0.000358081063024367,0.535542608548127
