channel_width,channel_length,optimal_interval,max_value,channel_length_sqrt,optimal_interval_sq,max_bitrate,max_bitrate_sq,max_bitrate_log,max_bitrate_inv
6,30,105.0,0.426115331812582,5.477225575051661,11025.0,0.007101922196876367,5.043729889048524e-05,-4.947389799621732,140.80694948190634
6,100,111.0,0.2714705908937733,10.0,12321.0,0.004524509848229555,2.0471189366726226e-05,-5.39824602853062,221.01841603710974
6,300,144.0,0.13049357946088566,17.320508075688775,20736.0,0.002174892991014761,4.730159522365133e-06,-6.130775815185269,459.7927365306466
6,1000,193.0,0.021144579985120825,31.622776601683793,37249.0,0.0003524096664186804,1.241925729853256e-07,-7.95071623403248,2837.6066132418446
