coefficient,spawning,failure
a,1.8517038656909104e-05,-1.8194122383360982
b,-9.821387235591953e-06,-0.3368620696073652
