channel_length,interval_at_channel_end
30,111.30073458484826
100,130.5388353035028
300,153.71275421724735
1000,195.63516215981218
