coefficient,spawning,failure
a,1.6446215847985567e-05,-1.7044065318235537
b,0.0003416348471764617,2.23994914037163
